id,title,createdAt,sources,files
87c3306e54585c2014b434d896a79c0ecf81e603,"When is GTA 6 releasing now? And what is the story this time?",2026-06-22T08:13:01.838Z,"[""web""]",[]
e111010675e12ed586db847579e3c9a495554af5,"What happened in the G7 summit that happened recently? Like what was discussed?",2026-06-21T07:50:25.466Z,"[""web""]",[]
b18e765951cbf3e0557bbb66f851cd3cb089c5c3,"What are the latest trends in AI?",2026-06-21T07:48:36.650Z,"[""web""]",[]
5bf09ac78e17b5abe339c5fbcd9e347922d57920,"What is latest in the AI sector?",2026-06-21T07:43:07.522Z,"[""web""]",[]
0a29302422091c7f2536e7a502cd45162c57d3ab,"What is the latest UAE and India deal that happened?",2026-06-19T16:47:27.294Z,"[""web""]",[]
28ba867f21eff4a694612623054b9b924e1deb70,"What is the latest UAE and India deal that happened?",2026-06-19T16:46:49.855Z,"[""web""]",[]
4ff42acacb45416a3c264f5f1d92830978ff4476,"What is the latest UAE and India deal that happened?",2026-06-19T16:45:29.254Z,"[""web""]",[]
bf4534f2100ac7a42bf0d861ac40aa0e2e999232,"What is the FTA deal between EU and India?",2026-06-19T16:40:11.702Z,"[""web""]",[]
8d349784ab4aa7522ec4f661b76de7bf4f0e28be,"What is the latest UAE and India deal that happened?",2026-06-19T16:36:13.602Z,"[""web""]",[]
221b4c9464cd064b6b59d6708514b2e6b6e24027,"What is the latest UAE and India deal that happened?",2026-06-19T16:20:20.089Z,"[""web""]",[]
6df12b64e4abd5d4c90f67ff09ed68326fc67409,"What is the latest UAE and India deal that happened?",2026-06-19T16:00:24.162Z,"[""web""]",[]
e9f7fab954da1cd9fe1e6f3891e7b68181a81c08,"What is the latest UAE and India deal that happened?",2026-06-19T16:00:05.159Z,"[""web""]",[]
e40c0c1e33494a08da745df20e3a853fe52a76a3,"What is the latest UAE and India deal that happened?",2026-06-19T15:57:53.920Z,"[""web""]",[]
f65b8d89d7cd087e01dced8395f232c6f3ef375e,"What is the latest UAE and India deal that happened?",2026-06-19T15:56:45.369Z,"[""web""]",[]
d92c667ffff7e673ec8d1184ed79b6d35aba0c7d,"What is the latest UAE and India deal that happened?",2026-06-19T15:18:35.383Z,"[""web""]",[]
8ea4fc5a410c961e6f25191397065b9e9835f38c,"What is going on today that could change the geopolitical image of India?",2026-06-19T04:30:02.012Z,"[""web""]",[]
ccb77ac984f610d10e4ea302cb8f0a173470ddd0,"What is going on today that could change the geopolitical image of India?",2026-06-19T04:28:56.615Z,"[""web""]",[]
42e8ac3223e8fe583cdd40c52b9b675fd06b5402,"What is going on today that might affect geopolotical image of India?",2026-06-19T04:27:52.348Z,"[""web""]",[]
970d4f026c5652aacfd0fe1e1f988befe6ab40ad,"What is the latest anthropic model and what happened to it?",2026-06-18T08:09:10.326Z,"[""web""]",[]
6363dca9ee9debd6a1903dcb60dc40ccea7a0d87,"What was anthropics latest model and what happened to it?",2026-06-18T06:15:27.136Z,"[""web""]",[]
177e9e664bcbaa54c20dfc65f16bad4f6cc43e60,"What sort of deals are mutually agreed on in the G7 summits?",2026-06-18T04:15:26.663Z,"[""web""]",[]
eb0b6a4da9e7660895bfc866373c6dd7194fc56a,"Tell me about warm lighting and how it affects the room vibe",2026-06-18T03:32:49.494Z,"[""web""]",[]
7ea2dc7041d493bd6d9bac173b58841269c111c3,"Best free llms and where to get their access from?",2026-06-18T03:30:49.190Z,"[""web""]",[]
ad97748aa2523a6c00ee13b999067a60e5864c97,"Who are direct competitors of apps like notion?",2026-06-18T03:22:23.614Z,"[""web""]",[]
35a8ba3b8370c61599d0329cfa87b2e593ff3843,"What bikes does MV agusta make?",2026-06-18T02:21:49.976Z,"[""web""]",[]
b0f8d844a4a4f31ffde599535eff93daad963447,"How much does the new bmw s1000rr cost in pUne?",2026-06-18T00:58:48.272Z,"[""web""]",[]
346652fb8ce8a09441a914090f892eddd64a1675,"What was discussed in the newest G7 meet? And where was it held?",2026-06-16T21:08:44.108Z,"[""web""]",[]
d165b1effdf9fd539fba73f7977260dd8438539c,"What happened in the Us Iran conflict?",2026-06-16T18:09:33.531Z,"[""web""]",[]
929e9d2e094bf4e0c796568c8e0f51a84f0f581c,"What fifa matches are today?",2026-06-15T17:45:04.165Z,"[""web""]",[]
f9260194589e09889d57a3edfd55cf9dbe9a9329,"Did anthropic's new model get banned?",2026-06-15T17:42:18.106Z,"[""web""]",[]
4897e762763536e8ad25de502dd9bffa82a4607d,"Did the US Iran war end?",2026-06-15T17:25:07.273Z,"[""web""]",[]
f27c428878371ef55b114011a477fa716019fe59,"Is kendrick better than drake?",2026-06-15T17:24:09.410Z,"[""web""]",[]
ec49d41b76f80e969664f7bb0120086c3dc0409b,"Who is the most platinum record artist in music?",2026-06-15T17:21:02.284Z,"[""web""]",[]
1fb2eb646f3a6ce907bb6c8555bbdc9e9a01a591,"Benefits of exercise",2026-06-14T15:29:07.487Z,"[""web""]",[]
f34573bdfc197e2ce0d40df9f8a2587b18fc6362,"How to discover oneself when nothing feels right according to yogic texts?",2026-06-14T13:33:36.375Z,"[""web""]",[]
7a3fb073157c5b6f702616e4f94328b4822f6483,"What is going on in the Iran USA war?",2026-06-12T16:13:11.014Z,"[""web""]",[]
